A1,1,2148448549,A1000,1,photo.jpg
A2,1,2144306929,A1000,1,photo.jpg
A3,1,2146802358,A1000,1,photo.jpg
A5,1,2142294143,A1000,1,photo.jpg
A6,1,2146922858,A1000,1,photo.jpg
A7,1,2149947875,A1000,1,photo.jpg
A8,1,2144212728,A1000,1,photo.jpg
A9,1,2142502610,A1000,1,photo.jpg
A11,1,2144989047,A1000,1,photo.jpg
A13,1,2146059100,A1000,1,photo.jpg
A14,1,2147891979,A1000,1,photo.jpg
A15,1,2142321344,A1000,1,photo.jpg
A16,1,2141529804,A1000,1,photo.jpg
A17,1,2146762737,A1000,1,photo.jpg
A18,1,2148453875,A1000,1,photo.jpg
A19,1,2147289643,A1000,1,photo.jpg
A21,1,2141689658,A1000,1,photo.jpg
A22,1,2148111084,A1000,1,photo.jpg
A23,1,2149277347,A1000,1,photo.jpg
A25,1,2145194765,A1000,1,photo.jpg
A26,1,2142991453,A1000,1,photo.jpg
A27,1,2143911951,A1000,1,photo.jpg
A28,1,2149913291,A1000,1,photo.jpg
A29,1,2145308495,A1000,1,photo.jpg
A30,1,2145578354,A1000,1,photo.jpg
A31,1,2145578354,A1000,1,photo.jpg
A32,1,2143538439,A1000,1,photo.jpg
A33,1,2142738233,A1000,1,photo.jpg
A36,1,2144005065,A1000,1,photo.jpg
A37,1,2142255591,A1000,1,photo.jpg
A38,1,2142255591,A1000,1,photo.jpg
A39,1,2143777605,A1000,1,photo.jpg
A40,1,2141079235,A1000,1,photo.jpg
A41,1,2144409136,A1000,1,photo.jpg
A42,1,2146520170,A1000,1,photo.jpg
A43,1,2143555738,A1000,1,photo.jpg
A44,1,2147764464,A1000,1,photo.jpg
A45,1,2143567250,A1000,1,photo.jpg
A46,1,2143567250,A1000,1,photo.jpg
A47,1,2143567250,A1000,1,photo.jpg
A48,1,2142475547,A1000,1,photo.jpg
A49,1,2147929809,A1000,1,photo.jpg
A50,1,2147080718,A1000,1,photo.jpg
B2,2,2144855576,B1000,1,photo.jpg
B3,2,2148691816,B1000,1,photo.jpg
B4,2,2143983649,B1000,1,photo.jpg
B5,2,2146498066,B1000,1,photo.jpg
B6,2,2149734985,B1000,1,photo.jpg
B7,2,2146528640,B1000,1,photo.jpg
B8,2,2141488159,B1000,1,photo.jpg
B9,2,2145690461,B1000,1,photo.jpg
B10,2,2149697171,B1000,1,photo.jpg
B11,2,2149697171,B1000,1,photo.jpg
B14,2,2149177912,B1000,1,photo.jpg
B15,2,2143548894,B1000,1,photo.jpg
B18,2,2148195040,B1000,1,photo.jpg
B19,2,2145197261,B1000,1,photo.jpg
B20,2,2144231999,B1000,1,photo.jpg
B21,2,2144231999,B1000,1,photo.jpg
B22,2,2145954793,B1000,1,photo.jpg
B23,2,2147519274,B1000,1,photo.jpg
B25,2,2143522007,B1000,1,photo.jpg
B27,2,2142746219,B1000,1,photo.jpg
B28,2,2142746219,B1000,1,photo.jpg
B29,2,2141575776,B1000,1,photo.jpg
B30,2,2145157375,B1000,1,photo.jpg
B31,2,2144940488,B1000,1,photo.jpg
B33,2,2148603726,B1000,1,photo.jpg
B34,2,2144314069,B1000,1,photo.jpg
B34,2,2146498066,B1000,1,photo.jpg
B35,2,2149734985,B1000,1,photo.jpg
B36,2,2146528640,B1000,1,photo.jpg
B37,2,2141488159,B1000,1,photo.jpg
B38,2,2145690461,B1000,1,photo.jpg
B39,2,2149697171,B1000,1,photo.jpg
B40,2,2149697171,B1000,1,photo.jpg
B41,2,2149177912,B1000,1,photo.jpg
B42,2,2143548894,B1000,1,photo.jpg
B43,2,2148195040,B1000,1,photo.jpg
B44,2,2149177912,B1000,1,photo.jpg
B45,2,2143548894,B1000,1,photo.jpg
B46,2,2148195040,B1000,1,photo.jpg
C1,3,2142160202,C1000,1,photo.jpg
C2,3,2147637429,C1000,1,photo.jpg
C3,3,2144210734,C1000,1,photo.jpg
C4,3,2141150833,C1000,1,photo.jpg
C5,3,2147810712,C1000,1,photo.jpg
C6,3,2148463644,C1000,1,photo.jpg
C7,3,2145784728,C1000,1,photo.jpg
C8,3,2149312813,C1000,1,photo.jpg
C9,3,2141127241,C1000,1,photo.jpg
C10,3,2145378427,C1000,1,photo.jpg
C11,3,2147173319,C1000,1,photo.jpg
C12,3,2141035415,C1000,1,photo.jpg
C13,3,2149247641,C1000,1,photo.jpg
C14,3,2143596843,C1000,1,photo.jpg
C15,3,2143785369,C1000,1,photo.jpg
C16,3,2147379094,C1000,1,photo.jpg
C17,3,2146715149,C1000,1,photo.jpg
C18,3,2148345295,C1000,1,photo.jpg
C19,3,2142767951,C1000,1,photo.jpg
C22,3,2144815098,C1000,1,photo.jpg
C25,3,2142272931,C1000,1,photo.jpg
C26,3,2141628739,C1000,1,photo.jpg
C27,3,2142545046,C1000,1,photo.jpg
C28,3,2142849308,C1000,1,photo.jpg
C29,3,2149379816,C1000,1,photo.jpg
C30,3,2149090246,C1000,1,photo.jpg
C31,3,2143276729,C1000,1,photo.jpg
C32,3,2148759226,C1000,1,photo.jpg
C35,3,2146446603,C1000,1,photo.jpg
C36,3,2148210112,C1000,1,photo.jpg
C37,3,2145006229,C1000,1,photo.jpg
C38,3,2148770480,C1000,1,photo.jpg
C39,3,2142048698,C1000,1,photo.jpg
C40,3,2147774377,C1000,1,photo.jpg
